{"assets/animations/error.json":["assets/animations/error.json"],"assets/animations/no_internet.json":["assets/animations/no_internet.json"],"assets/config.env":["assets/config.env"],"assets/fonts/Vazirmatn-Black.ttf":["assets/fonts/Vazirmatn-Black.ttf"],"assets/fonts/Vazirmatn-Bold.ttf":["assets/fonts/Vazirmatn-Bold.ttf"],"assets/fonts/Vazirmatn-ExtraBold.ttf":["assets/fonts/Vazirmatn-ExtraBold.ttf"],"assets/fonts/Vazirmatn-ExtraLight.ttf":["assets/fonts/Vazirmatn-ExtraLight.ttf"],"assets/fonts/Vazirmatn-Light.ttf":["assets/fonts/Vazirmatn-Light.ttf"],"assets/fonts/Vazirmatn-Medium.ttf":["assets/fonts/Vazirmatn-Medium.ttf"],"assets/fonts/Vazirmatn-Regular.ttf":["assets/fonts/Vazirmatn-Regular.ttf"],"assets/fonts/Vazirmatn-SemiBold.ttf":["assets/fonts/Vazirmatn-SemiBold.ttf"],"assets/fonts/Vazirmatn-Thin.ttf":["assets/fonts/Vazirmatn-Thin.ttf"],"assets/icon/app_icon.png":["assets/icon/app_icon.png"],"assets/img/.gitkeep":["assets/img/.gitkeep"],"assets/img/banner/1.png":["assets/img/banner/1.png"],"assets/img/banner/2.png":["assets/img/banner/2.png"],"assets/img/banner/3.png":["assets/img/banner/3.png"],"assets/img/logo.png":["assets/img/logo.png"],"assets/img/logo2.png":["assets/img/logo2.png"],"packages/cupertino_icons/assets/CupertinoIcons.ttf":["packages/cupertino_icons/assets/CupertinoIcons.ttf"]}